{"cameraMode":{"drawMode":0,"name":"Shaded","section":"Shading Mode"},"sceneLighting":true,"audioPlay":false,"sceneViewState":{"showFog":true,"showMaterialUpdate":false,"showSkybox":true,"showFlares":true,"showImageEffects":true,"showParticleSystems":true,"showVisualEffectGraphs":true,"m_FxEnabled":true},"in2DMode":false,"pivot":{"x":40.51118087768555,"y":8.459613800048829,"z":-55.604774475097659},"rotation":{"x":-0.23071275651454926,"y":0.002040943130850792,"z":-0.0004842366906814277,"w":-0.9730244278907776},"size":5.467624664306641,"orthographic":false}